<?xml version="1.0" encoding="UTF-8" ?>
<document>
<!--The data in this file is primarily intended for consumption by Xilinx tools.
The structure and the elements are likely to change over the next few releases.
This means code written to parse this file will need to be revisited each subsequent release.-->
<application name="pa" timeStamp="Tue Jul 25 15:07:53 2017">
<section name="Project Information" visible="false">
<property name="ProjectID" value="f89b2f9210134d4b870ff24f0a907f56" type="ProjectID"/>
<property name="ProjectIteration" value="34" type="ProjectIteration"/>
</section>
<section name="PlanAhead Usage" visible="true">
<item name="Project Data">
<property name="SrcSetCount" value="1" type="SrcSetCount"/>
<property name="ConstraintSetCount" value="1" type="ConstraintSetCount"/>
<property name="DesignMode" value="RTL" type="DesignMode"/>
<property name="SynthesisStrategy" value="Vivado Synthesis Defaults" type="SynthesisStrategy"/>
<property name="ImplStrategy" value="Vivado Implementation Defaults" type="ImplStrategy"/>
</item>
<item name="Java Command Handlers">
<property name="AddSources" value="6" type="JavaHandler"/>
<property name="AutoConnectTarget" value="5" type="JavaHandler"/>
<property name="EditDelete" value="3" type="JavaHandler"/>
<property name="EditUndo" value="1" type="JavaHandler"/>
<property name="LaunchProgramFpga" value="14" type="JavaHandler"/>
<property name="NewProject" value="1" type="JavaHandler"/>
<property name="OpenHardwareManager" value="10" type="JavaHandler"/>
<property name="OpenProject" value="4" type="JavaHandler"/>
<property name="OpenTarget" value="1" type="JavaHandler"/>
<property name="RunBitgen" value="15" type="JavaHandler"/>
<property name="RunImplementation" value="18" type="JavaHandler"/>
<property name="RunSynthesis" value="21" type="JavaHandler"/>
<property name="SaveFileProxyHandler" value="6" type="JavaHandler"/>
<property name="SetSourceEnabled" value="1" type="JavaHandler"/>
<property name="ShowView" value="7" type="JavaHandler"/>
<property name="ViewTaskImplementation" value="1" type="JavaHandler"/>
<property name="ViewTaskProjectManager" value="10" type="JavaHandler"/>
</item>
<item name="Gui Resources Info">
<property name="16counter.v, 56, 385" value="1" type="GuiResourceData"/>
<property name="FINISH, Finish" value="3" type="GuiResourceData"/>
<property name="NEXT, Next " value="3" type="GuiResourceData"/>
<property name="PAResourceAtoD.CreateSrcFileDialog_FILE_NAME, 16counter" value="1" type="GuiResourceData"/>
<property name="PAResourceAtoD.CreateSrcFileDialog_FILE_NAME, onesix_counter" value="1" type="GuiResourceData"/>
<property name="PAResourceCommand.PACommandNames_ADD_SOURCES, Sources_add_sources" value="3" type="GuiResourceData"/>
<property name="PAResourceCommand.PACommandNames_SRC_DISABLE, Disable File" value="1" type="GuiResourceData"/>
<property name="PAResourceCommand.PACommandNames_SRC_ENABLE, Enable File" value="1" type="GuiResourceData"/>
<property name="PAResourceEtoH.FileSetPanel_FILE_SET_PANEL_TREE, [root, Constraints, constrs_1, lab5_top.xdc], 6, false" value="1" type="GuiResourceData"/>
<property name="PAResourceEtoH.FileSetPanel_FILE_SET_PANEL_TREE, [root, Constraints, constrs_1, lab5_top.xdc], 6, false, false, false, false, false, true" value="1" type="GuiResourceData"/>
<property name="PAResourceEtoH.FileSetPanel_FILE_SET_PANEL_TREE, [root, Constraints], 8" value="1" type="GuiResourceData"/>
<property name="PAResourceEtoH.FileSetPanel_FILE_SET_PANEL_TREE, [root, Design Sources, Disabled Sources, lsfr.v], 11, false" value="1" type="GuiResourceData"/>
<property name="PAResourceEtoH.FileSetPanel_FILE_SET_PANEL_TREE, [root, Design Sources, Disabled Sources, lsfr.v], 11, false, false, false, false, false, true" value="1" type="GuiResourceData"/>
<property name="PAResourceEtoH.FileSetPanel_FILE_SET_PANEL_TREE, [root, Design Sources, Disabled Sources], 10" value="1" type="GuiResourceData"/>
<property name="PAResourceEtoH.FileSetPanel_FILE_SET_PANEL_TREE, [root, Design Sources, Syntax Error Files, 16counter.v], 2, false" value="1" type="GuiResourceData"/>
<property name="PAResourceEtoH.FileSetPanel_FILE_SET_PANEL_TREE, [root, Design Sources, Syntax Error Files, 16counter.v], 2, false, false, false, false, false, true" value="1" type="GuiResourceData"/>
<property name="PAResourceEtoH.FileSetPanel_FILE_SET_PANEL_TREE, [root, Design Sources, Syntax Error Files, 16counter.v], 2, false, false, false, false, true, false" value="1" type="GuiResourceData"/>
<property name="PAResourceEtoH.FileSetPanel_FILE_SET_PANEL_TREE, [root, Design Sources, Syntax Error Files], 1" value="3" type="GuiResourceData"/>
<property name="PAResourceEtoH.FileSetPanel_FILE_SET_PANEL_TREE, [root, Design Sources, dicegame_ctrl (dicegame_ctrl.v" value="10" type="GuiResourceData"/>
<property name="PAResourceEtoH.FileSetPanel_FILE_SET_PANEL_TREE, [root, Design Sources, lab5_top (lab5_top.v" value="23" type="GuiResourceData"/>
<property name="PAResourceEtoH.FileSetPanel_FILE_SET_PANEL_TREE, [root, Design Sources, onesix_counter (onesix_counter.v" value="4" type="GuiResourceData"/>
<property name="PAResourceOtoP.PAViews_CODE, Code" value="3" type="GuiResourceData"/>
<property name="PAResourceOtoP.PlanAheadTab_SHOW_FLOW_NAVIGATOR, Flow Navigator" value="1" type="GuiResourceData"/>
<property name="PAResourceQtoS.RemoveSourcesDialog_ALSO_DELETE, Also delete the project local file/directory from disk, true" value="1" type="GuiResourceData"/>
<property name="PAResourceQtoS.SrcChooserPanel_ADD_HDL_AND_NETLIST_FILES_TO_YOUR_PROJECT, Add Files" value="2" type="GuiResourceData"/>
<property name="PAResourceQtoS.SrcChooserPanel_CREATE_FILE, Create File" value="2" type="GuiResourceData"/>
<property name="PAResourceQtoS.SrcMenu_IP_HIERARCHY, IP Hierarchy" value="1" type="GuiResourceData"/>
<property name="PAResourceQtoS.SrcMenu_OPEN_SELECTED_SOURCE_FILES, Open File" value="2" type="GuiResourceData"/>
<property name="RDIResource.BaseDialog_CANCEL, Cancel" value="1" type="GuiResourceData"/>
<property name="RDIResource.BaseDialog_OK, OK" value="6" type="GuiResourceData"/>
<property name="RDIResource.HCodeEditor_BLANK_OPERATIONS, Blank Operations" value="2" type="GuiResourceData"/>
<property name="RDIResource.HCodeEditor_COMMANDS_TO_FOLD_TEXT, Folding" value="2" type="GuiResourceData"/>
<property name="RDIResource.HCodeEditor_DIFF_WITH, Diff with" value="2" type="GuiResourceData"/>
<property name="RDIResource.HCodeEditor_SEARCH_TEXT_COMBO_BOX, (String" value="1" type="GuiResourceData"/>
<property name="RDIResource.HCodeEditor_SEARCH_TEXT_COMBO_BOX, f" value="1" type="GuiResourceData"/>
<property name="RDIResource.HCodeEditor_SEARCH_TEXT_COMBO_BOX, point" value="1" type="GuiResourceData"/>
<property name="RDIResource.HCodeEditor_SEARCH_TEXT_COMBO_BOX, sum" value="2" type="GuiResourceData"/>
<property name="RDIResourceCommand.RDICommands_COPY, Copy" value="1" type="GuiResourceData"/>
<property name="RDIResourceCommand.RDICommands_DELETE, Remove File from Project..." value="3" type="GuiResourceData"/>
<property name="bin_to_sevenseg.v, 161, 23" value="1" type="GuiResourceData"/>
<property name="bin_to_sevenseg.v, 265, 28" value="1" type="GuiResourceData"/>
<property name="dicegame_ctrl.v, 1, 470" value="1" type="GuiResourceData"/>
<property name="dicegame_ctrl.v, 1, 525" value="1" type="GuiResourceData"/>
<property name="dicegame_ctrl.v, 101, 245" value="1" type="GuiResourceData"/>
<property name="dicegame_ctrl.v, 102, 261" value="1" type="GuiResourceData"/>
<property name="dicegame_ctrl.v, 102, 480" value="1" type="GuiResourceData"/>
<property name="dicegame_ctrl.v, 103, 231" value="1" type="GuiResourceData"/>
<property name="dicegame_ctrl.v, 103, 304" value="1" type="GuiResourceData"/>
<property name="dicegame_ctrl.v, 103, 322" value="1" type="GuiResourceData"/>
<property name="dicegame_ctrl.v, 103, 402" value="1" type="GuiResourceData"/>
<property name="dicegame_ctrl.v, 104, 406" value="1" type="GuiResourceData"/>
<property name="dicegame_ctrl.v, 104, 416" value="1" type="GuiResourceData"/>
<property name="dicegame_ctrl.v, 105, 260" value="1" type="GuiResourceData"/>
<property name="dicegame_ctrl.v, 106, 137" value="1" type="GuiResourceData"/>
<property name="dicegame_ctrl.v, 106, 160" value="1" type="GuiResourceData"/>
<property name="dicegame_ctrl.v, 106, 40" value="1" type="GuiResourceData"/>
<property name="dicegame_ctrl.v, 108, 515" value="1" type="GuiResourceData"/>
<property name="dicegame_ctrl.v, 109, 326" value="1" type="GuiResourceData"/>
<property name="dicegame_ctrl.v, 111, 247" value="1" type="GuiResourceData"/>
<property name="dicegame_ctrl.v, 111, 381" value="1" type="GuiResourceData"/>
<property name="dicegame_ctrl.v, 112, 336" value="1" type="GuiResourceData"/>
<property name="dicegame_ctrl.v, 113, 214" value="1" type="GuiResourceData"/>
<property name="dicegame_ctrl.v, 113, 255, false, false, false, true, false" value="1" type="GuiResourceData"/>
<property name="dicegame_ctrl.v, 114, 198" value="1" type="GuiResourceData"/>
<property name="dicegame_ctrl.v, 114, 206" value="1" type="GuiResourceData"/>
<property name="dicegame_ctrl.v, 114, 210" value="1" type="GuiResourceData"/>
<property name="dicegame_ctrl.v, 114, 243" value="1" type="GuiResourceData"/>
<property name="dicegame_ctrl.v, 115, 298" value="1" type="GuiResourceData"/>
<property name="dicegame_ctrl.v, 115, 536" value="1" type="GuiResourceData"/>
<property name="dicegame_ctrl.v, 115, 89" value="1" type="GuiResourceData"/>
<property name="dicegame_ctrl.v, 117, 327" value="1" type="GuiResourceData"/>
<property name="dicegame_ctrl.v, 118, 323" value="1" type="GuiResourceData"/>
<property name="dicegame_ctrl.v, 118, 406" value="1" type="GuiResourceData"/>
<property name="dicegame_ctrl.v, 118, 438" value="1" type="GuiResourceData"/>
<property name="dicegame_ctrl.v, 119, 246" value="1" type="GuiResourceData"/>
<property name="dicegame_ctrl.v, 12, 230" value="1" type="GuiResourceData"/>
<property name="dicegame_ctrl.v, 120, 400" value="1" type="GuiResourceData"/>
<property name="dicegame_ctrl.v, 120, 517" value="1" type="GuiResourceData"/>
<property name="dicegame_ctrl.v, 121, 196" value="1" type="GuiResourceData"/>
<property name="dicegame_ctrl.v, 121, 281" value="1" type="GuiResourceData"/>
<property name="dicegame_ctrl.v, 126, 311" value="1" type="GuiResourceData"/>
<property name="dicegame_ctrl.v, 127, 200" value="1" type="GuiResourceData"/>
<property name="dicegame_ctrl.v, 128, 126" value="1" type="GuiResourceData"/>
<property name="dicegame_ctrl.v, 128, 139" value="1" type="GuiResourceData"/>
<property name="dicegame_ctrl.v, 129, 421" value="1" type="GuiResourceData"/>
<property name="dicegame_ctrl.v, 13, 124" value="1" type="GuiResourceData"/>
<property name="dicegame_ctrl.v, 130, 380" value="1" type="GuiResourceData"/>
<property name="dicegame_ctrl.v, 133, 414" value="1" type="GuiResourceData"/>
<property name="dicegame_ctrl.v, 134, 321" value="1" type="GuiResourceData"/>
<property name="dicegame_ctrl.v, 135, 500" value="1" type="GuiResourceData"/>
<property name="dicegame_ctrl.v, 136, 382" value="1" type="GuiResourceData"/>
<property name="dicegame_ctrl.v, 136, 407" value="1" type="GuiResourceData"/>
<property name="dicegame_ctrl.v, 137, 108" value="1" type="GuiResourceData"/>
<property name="dicegame_ctrl.v, 137, 227" value="1" type="GuiResourceData"/>
<property name="dicegame_ctrl.v, 139, 213" value="1" type="GuiResourceData"/>
<property name="dicegame_ctrl.v, 139, 314" value="1" type="GuiResourceData"/>
<property name="dicegame_ctrl.v, 140, 232" value="1" type="GuiResourceData"/>
<property name="dicegame_ctrl.v, 140, 270" value="1" type="GuiResourceData"/>
<property name="dicegame_ctrl.v, 140, 285" value="1" type="GuiResourceData"/>
<property name="dicegame_ctrl.v, 141, 307" value="1" type="GuiResourceData"/>
<property name="dicegame_ctrl.v, 141, 341" value="1" type="GuiResourceData"/>
<property name="dicegame_ctrl.v, 142, 346" value="1" type="GuiResourceData"/>
<property name="dicegame_ctrl.v, 142, 424" value="1" type="GuiResourceData"/>
<property name="dicegame_ctrl.v, 143, 367" value="1" type="GuiResourceData"/>
<property name="dicegame_ctrl.v, 143, 403" value="1" type="GuiResourceData"/>
<property name="dicegame_ctrl.v, 143, 408" value="1" type="GuiResourceData"/>
<property name="dicegame_ctrl.v, 144, 211" value="1" type="GuiResourceData"/>
<property name="dicegame_ctrl.v, 144, 310" value="1" type="GuiResourceData"/>
<property name="dicegame_ctrl.v, 144, 357" value="1" type="GuiResourceData"/>
<property name="dicegame_ctrl.v, 145, 386" value="1" type="GuiResourceData"/>
<property name="dicegame_ctrl.v, 146, 197" value="1" type="GuiResourceData"/>
<property name="dicegame_ctrl.v, 149, 466" value="1" type="GuiResourceData"/>
<property name="dicegame_ctrl.v, 15, 172" value="1" type="GuiResourceData"/>
<property name="dicegame_ctrl.v, 15, 218" value="1" type="GuiResourceData"/>
<property name="dicegame_ctrl.v, 150, 244" value="1" type="GuiResourceData"/>
<property name="dicegame_ctrl.v, 150, 299" value="1" type="GuiResourceData"/>
<property name="dicegame_ctrl.v, 151, 202" value="1" type="GuiResourceData"/>
<property name="dicegame_ctrl.v, 151, 386" value="1" type="GuiResourceData"/>
<property name="dicegame_ctrl.v, 151, 403" value="1" type="GuiResourceData"/>
<property name="dicegame_ctrl.v, 152, 126" value="1" type="GuiResourceData"/>
<property name="dicegame_ctrl.v, 152, 389" value="1" type="GuiResourceData"/>
<property name="dicegame_ctrl.v, 152, 418" value="1" type="GuiResourceData"/>
<property name="dicegame_ctrl.v, 152, 50" value="1" type="GuiResourceData"/>
<property name="dicegame_ctrl.v, 153, 199" value="1" type="GuiResourceData"/>
<property name="dicegame_ctrl.v, 153, 213" value="1" type="GuiResourceData"/>
<property name="dicegame_ctrl.v, 153, 304" value="1" type="GuiResourceData"/>
<property name="dicegame_ctrl.v, 153, 328" value="1" type="GuiResourceData"/>
<property name="dicegame_ctrl.v, 154, 260" value="1" type="GuiResourceData"/>
<property name="dicegame_ctrl.v, 154, 485" value="1" type="GuiResourceData"/>
<property name="dicegame_ctrl.v, 154, 512" value="1" type="GuiResourceData"/>
<property name="dicegame_ctrl.v, 155, 183" value="1" type="GuiResourceData"/>
<property name="dicegame_ctrl.v, 155, 406" value="1" type="GuiResourceData"/>
<property name="dicegame_ctrl.v, 156, 337" value="1" type="GuiResourceData"/>
<property name="dicegame_ctrl.v, 157, 284" value="1" type="GuiResourceData"/>
<property name="dicegame_ctrl.v, 157, 386" value="1" type="GuiResourceData"/>
<property name="dicegame_ctrl.v, 157, 471" value="1" type="GuiResourceData"/>
<property name="dicegame_ctrl.v, 158, 328" value="1" type="GuiResourceData"/>
<property name="dicegame_ctrl.v, 158, 354" value="1" type="GuiResourceData"/>
<property name="dicegame_ctrl.v, 159, 109" value="1" type="GuiResourceData"/>
<property name="dicegame_ctrl.v, 159, 387" value="1" type="GuiResourceData"/>
<property name="dicegame_ctrl.v, 159, 400" value="1" type="GuiResourceData"/>
<property name="dicegame_ctrl.v, 159, 418" value="1" type="GuiResourceData"/>
<property name="dicegame_ctrl.v, 159, 431" value="1" type="GuiResourceData"/>
<property name="dicegame_ctrl.v, 159, 463" value="1" type="GuiResourceData"/>
<property name="dicegame_ctrl.v, 160, 323" value="1" type="GuiResourceData"/>
<property name="dicegame_ctrl.v, 160, 335" value="1" type="GuiResourceData"/>
<property name="dicegame_ctrl.v, 161, 161" value="1" type="GuiResourceData"/>
<property name="dicegame_ctrl.v, 161, 436" value="1" type="GuiResourceData"/>
<property name="dicegame_ctrl.v, 163, 293" value="1" type="GuiResourceData"/>
<property name="dicegame_ctrl.v, 163, 417" value="1" type="GuiResourceData"/>
<property name="dicegame_ctrl.v, 163, 432" value="1" type="GuiResourceData"/>
<property name="dicegame_ctrl.v, 163, 447" value="1" type="GuiResourceData"/>
<property name="dicegame_ctrl.v, 164, 268" value="1" type="GuiResourceData"/>
<property name="dicegame_ctrl.v, 164, 468" value="1" type="GuiResourceData"/>
<property name="dicegame_ctrl.v, 164, 477" value="1" type="GuiResourceData"/>
<property name="dicegame_ctrl.v, 165, 168" value="1" type="GuiResourceData"/>
<property name="dicegame_ctrl.v, 165, 178" value="1" type="GuiResourceData"/>
<property name="dicegame_ctrl.v, 165, 336" value="1" type="GuiResourceData"/>
<property name="dicegame_ctrl.v, 165, 372" value="1" type="GuiResourceData"/>
<property name="dicegame_ctrl.v, 165, 380" value="1" type="GuiResourceData"/>
<property name="dicegame_ctrl.v, 166, 196" value="1" type="GuiResourceData"/>
<property name="dicegame_ctrl.v, 166, 229" value="1" type="GuiResourceData"/>
<property name="dicegame_ctrl.v, 166, 414" value="1" type="GuiResourceData"/>
<property name="dicegame_ctrl.v, 166, 437" value="1" type="GuiResourceData"/>
<property name="dicegame_ctrl.v, 167, 124" value="1" type="GuiResourceData"/>
<property name="dicegame_ctrl.v, 167, 182" value="1" type="GuiResourceData"/>
<property name="dicegame_ctrl.v, 168, 188" value="1" type="GuiResourceData"/>
<property name="dicegame_ctrl.v, 169, 240" value="1" type="GuiResourceData"/>
<property name="dicegame_ctrl.v, 169, 283" value="1" type="GuiResourceData"/>
<property name="dicegame_ctrl.v, 169, 309" value="1" type="GuiResourceData"/>
<property name="dicegame_ctrl.v, 169, 315" value="1" type="GuiResourceData"/>
<property name="dicegame_ctrl.v, 169, 427" value="1" type="GuiResourceData"/>
<property name="dicegame_ctrl.v, 169, 473" value="1" type="GuiResourceData"/>
<property name="dicegame_ctrl.v, 169, 93" value="1" type="GuiResourceData"/>
<property name="dicegame_ctrl.v, 17, 262" value="1" type="GuiResourceData"/>
<property name="dicegame_ctrl.v, 17, 364" value="1" type="GuiResourceData"/>
<property name="dicegame_ctrl.v, 170, 141" value="1" type="GuiResourceData"/>
<property name="dicegame_ctrl.v, 170, 207" value="1" type="GuiResourceData"/>
<property name="dicegame_ctrl.v, 170, 212" value="1" type="GuiResourceData"/>
<property name="dicegame_ctrl.v, 170, 289" value="1" type="GuiResourceData"/>
<property name="dicegame_ctrl.v, 171, 385" value="1" type="GuiResourceData"/>
<property name="dicegame_ctrl.v, 171, 483" value="1" type="GuiResourceData"/>
<property name="dicegame_ctrl.v, 172, 123" value="1" type="GuiResourceData"/>
<property name="dicegame_ctrl.v, 172, 149" value="1" type="GuiResourceData"/>
<property name="dicegame_ctrl.v, 172, 261" value="1" type="GuiResourceData"/>
<property name="dicegame_ctrl.v, 172, 269" value="1" type="GuiResourceData"/>
<property name="dicegame_ctrl.v, 172, 277" value="1" type="GuiResourceData"/>
<property name="dicegame_ctrl.v, 172, 335" value="1" type="GuiResourceData"/>
<property name="dicegame_ctrl.v, 172, 367" value="1" type="GuiResourceData"/>
<property name="dicegame_ctrl.v, 172, 383" value="1" type="GuiResourceData"/>
<property name="dicegame_ctrl.v, 172, 431" value="1" type="GuiResourceData"/>
<property name="dicegame_ctrl.v, 173, 217" value="1" type="GuiResourceData"/>
<property name="dicegame_ctrl.v, 173, 297" value="1" type="GuiResourceData"/>
<property name="dicegame_ctrl.v, 174, 152" value="1" type="GuiResourceData"/>
<property name="dicegame_ctrl.v, 174, 207" value="1" type="GuiResourceData"/>
<property name="dicegame_ctrl.v, 174, 344" value="1" type="GuiResourceData"/>
<property name="dicegame_ctrl.v, 174, 412" value="1" type="GuiResourceData"/>
<property name="dicegame_ctrl.v, 175, 146" value="1" type="GuiResourceData"/>
<property name="dicegame_ctrl.v, 176, 308" value="1" type="GuiResourceData"/>
<property name="dicegame_ctrl.v, 176, 331" value="1" type="GuiResourceData"/>
<property name="dicegame_ctrl.v, 176, 384" value="1" type="GuiResourceData"/>
<property name="dicegame_ctrl.v, 176, 397" value="1" type="GuiResourceData"/>
<property name="dicegame_ctrl.v, 176, 440" value="1" type="GuiResourceData"/>
<property name="dicegame_ctrl.v, 177, 289" value="1" type="GuiResourceData"/>
<property name="dicegame_ctrl.v, 177, 434" value="1" type="GuiResourceData"/>
<property name="dicegame_ctrl.v, 178, 236" value="1" type="GuiResourceData"/>
<property name="dicegame_ctrl.v, 178, 240, false, false, false, false, true" value="1" type="GuiResourceData"/>
<property name="dicegame_ctrl.v, 178, 286" value="1" type="GuiResourceData"/>
<property name="dicegame_ctrl.v, 178, 371" value="1" type="GuiResourceData"/>
<property name="dicegame_ctrl.v, 178, 397" value="1" type="GuiResourceData"/>
<property name="dicegame_ctrl.v, 178, 44" value="1" type="GuiResourceData"/>
<property name="dicegame_ctrl.v, 178, 443" value="1" type="GuiResourceData"/>
<property name="dicegame_ctrl.v, 178, 483" value="1" type="GuiResourceData"/>
<property name="dicegame_ctrl.v, 179, 221" value="1" type="GuiResourceData"/>
<property name="dicegame_ctrl.v, 179, 284" value="1" type="GuiResourceData"/>
<property name="dicegame_ctrl.v, 180, 336" value="1" type="GuiResourceData"/>
<property name="dicegame_ctrl.v, 180, 44" value="1" type="GuiResourceData"/>
<property name="dicegame_ctrl.v, 181, 274" value="1" type="GuiResourceData"/>
<property name="dicegame_ctrl.v, 181, 300" value="1" type="GuiResourceData"/>
<property name="dicegame_ctrl.v, 183, 297" value="1" type="GuiResourceData"/>
<property name="dicegame_ctrl.v, 184, 436" value="1" type="GuiResourceData"/>
<property name="dicegame_ctrl.v, 184, 454" value="1" type="GuiResourceData"/>
<property name="dicegame_ctrl.v, 185, 313" value="1" type="GuiResourceData"/>
<property name="dicegame_ctrl.v, 185, 333" value="1" type="GuiResourceData"/>
<property name="dicegame_ctrl.v, 185, 435" value="1" type="GuiResourceData"/>
<property name="dicegame_ctrl.v, 186, 302" value="1" type="GuiResourceData"/>
<property name="dicegame_ctrl.v, 187, 268" value="1" type="GuiResourceData"/>
<property name="dicegame_ctrl.v, 187, 332" value="1" type="GuiResourceData"/>
<property name="dicegame_ctrl.v, 187, 398" value="1" type="GuiResourceData"/>
<property name="dicegame_ctrl.v, 188, 96" value="1" type="GuiResourceData"/>
<property name="dicegame_ctrl.v, 189, 278" value="1" type="GuiResourceData"/>
<property name="dicegame_ctrl.v, 189, 461" value="1" type="GuiResourceData"/>
<property name="dicegame_ctrl.v, 190, 429" value="1" type="GuiResourceData"/>
<property name="dicegame_ctrl.v, 190, 439" value="1" type="GuiResourceData"/>
<property name="dicegame_ctrl.v, 191, 242" value="1" type="GuiResourceData"/>
<property name="dicegame_ctrl.v, 191, 284" value="1" type="GuiResourceData"/>
<property name="dicegame_ctrl.v, 191, 386" value="1" type="GuiResourceData"/>
<property name="dicegame_ctrl.v, 191, 461" value="1" type="GuiResourceData"/>
<property name="dicegame_ctrl.v, 192, 423" value="1" type="GuiResourceData"/>
<property name="dicegame_ctrl.v, 193, 269" value="1" type="GuiResourceData"/>
<property name="dicegame_ctrl.v, 193, 282" value="1" type="GuiResourceData"/>
<property name="dicegame_ctrl.v, 193, 283" value="1" type="GuiResourceData"/>
<property name="dicegame_ctrl.v, 193, 293" value="1" type="GuiResourceData"/>
<property name="dicegame_ctrl.v, 193, 316" value="1" type="GuiResourceData"/>
<property name="dicegame_ctrl.v, 194, 294" value="1" type="GuiResourceData"/>
<property name="dicegame_ctrl.v, 195, 268" value="1" type="GuiResourceData"/>
<property name="dicegame_ctrl.v, 195, 352" value="1" type="GuiResourceData"/>
<property name="dicegame_ctrl.v, 195, 393" value="1" type="GuiResourceData"/>
<property name="dicegame_ctrl.v, 195, 505" value="2" type="GuiResourceData"/>
<property name="dicegame_ctrl.v, 196, 278" value="1" type="GuiResourceData"/>
<property name="dicegame_ctrl.v, 196, 354" value="1" type="GuiResourceData"/>
<property name="dicegame_ctrl.v, 196, 451" value="1" type="GuiResourceData"/>
<property name="dicegame_ctrl.v, 197, 215" value="1" type="GuiResourceData"/>
<property name="dicegame_ctrl.v, 197, 535" value="1" type="GuiResourceData"/>
<property name="dicegame_ctrl.v, 199, 417" value="1" type="GuiResourceData"/>
<property name="dicegame_ctrl.v, 199, 435" value="1" type="GuiResourceData"/>
<property name="dicegame_ctrl.v, 199, 451" value="1" type="GuiResourceData"/>
<property name="dicegame_ctrl.v, 2, 178" value="1" type="GuiResourceData"/>
<property name="dicegame_ctrl.v, 2, 280" value="1" type="GuiResourceData"/>
<property name="dicegame_ctrl.v, 2, 488" value="1" type="GuiResourceData"/>
<property name="dicegame_ctrl.v, 20, 498" value="1" type="GuiResourceData"/>
<property name="dicegame_ctrl.v, 201, 460" value="1" type="GuiResourceData"/>
<property name="dicegame_ctrl.v, 203, 197" value="1" type="GuiResourceData"/>
<property name="dicegame_ctrl.v, 203, 421" value="1" type="GuiResourceData"/>
<property name="dicegame_ctrl.v, 203, 431" value="2" type="GuiResourceData"/>
<property name="dicegame_ctrl.v, 204, 314" value="1" type="GuiResourceData"/>
<property name="dicegame_ctrl.v, 204, 348" value="1" type="GuiResourceData"/>
<property name="dicegame_ctrl.v, 204, 386" value="1" type="GuiResourceData"/>
<property name="dicegame_ctrl.v, 205, 203" value="1" type="GuiResourceData"/>
<property name="dicegame_ctrl.v, 205, 440" value="1" type="GuiResourceData"/>
<property name="dicegame_ctrl.v, 206, 368" value="1" type="GuiResourceData"/>
<property name="dicegame_ctrl.v, 206, 441" value="1" type="GuiResourceData"/>
<property name="dicegame_ctrl.v, 206, 443" value="1" type="GuiResourceData"/>
<property name="dicegame_ctrl.v, 207, 247" value="1" type="GuiResourceData"/>
<property name="dicegame_ctrl.v, 207, 283" value="1" type="GuiResourceData"/>
<property name="dicegame_ctrl.v, 207, 337, false, true, false, false, false" value="1" type="GuiResourceData"/>
<property name="dicegame_ctrl.v, 207, 42" value="1" type="GuiResourceData"/>
<property name="dicegame_ctrl.v, 208, 180" value="1" type="GuiResourceData"/>
<property name="dicegame_ctrl.v, 209, 256" value="1" type="GuiResourceData"/>
<property name="dicegame_ctrl.v, 209, 338" value="1" type="GuiResourceData"/>
<property name="dicegame_ctrl.v, 211, 297" value="1" type="GuiResourceData"/>
<property name="dicegame_ctrl.v, 211, 308" value="1" type="GuiResourceData"/>
<property name="dicegame_ctrl.v, 211, 331" value="1" type="GuiResourceData"/>
<property name="dicegame_ctrl.v, 211, 337" value="1" type="GuiResourceData"/>
<property name="dicegame_ctrl.v, 211, 447" value="1" type="GuiResourceData"/>
<property name="dicegame_ctrl.v, 212, 220" value="1" type="GuiResourceData"/>
<property name="dicegame_ctrl.v, 212, 430" value="1" type="GuiResourceData"/>
<property name="dicegame_ctrl.v, 212, 439" value="1" type="GuiResourceData"/>
<property name="dicegame_ctrl.v, 212, 462" value="1" type="GuiResourceData"/>
<property name="dicegame_ctrl.v, 214, 334" value="1" type="GuiResourceData"/>
<property name="dicegame_ctrl.v, 214, 344" value="1" type="GuiResourceData"/>
<property name="dicegame_ctrl.v, 214, 385" value="1" type="GuiResourceData"/>
<property name="dicegame_ctrl.v, 214, 455" value="1" type="GuiResourceData"/>
<property name="dicegame_ctrl.v, 217, 384" value="1" type="GuiResourceData"/>
<property name="dicegame_ctrl.v, 217, 537" value="1" type="GuiResourceData"/>
<property name="dicegame_ctrl.v, 218, 334" value="1" type="GuiResourceData"/>
<property name="dicegame_ctrl.v, 218, 513" value="1" type="GuiResourceData"/>
<property name="dicegame_ctrl.v, 22, 350" value="1" type="GuiResourceData"/>
<property name="dicegame_ctrl.v, 22, 365" value="1" type="GuiResourceData"/>
<property name="dicegame_ctrl.v, 220, 462" value="1" type="GuiResourceData"/>
<property name="dicegame_ctrl.v, 222, 247" value="1" type="GuiResourceData"/>
<property name="dicegame_ctrl.v, 222, 358" value="1" type="GuiResourceData"/>
<property name="dicegame_ctrl.v, 223, 155" value="1" type="GuiResourceData"/>
<property name="dicegame_ctrl.v, 223, 321" value="1" type="GuiResourceData"/>
<property name="dicegame_ctrl.v, 226, 193" value="1" type="GuiResourceData"/>
<property name="dicegame_ctrl.v, 228, 329" value="1" type="GuiResourceData"/>
<property name="dicegame_ctrl.v, 229, 332" value="1" type="GuiResourceData"/>
<property name="dicegame_ctrl.v, 230, 172" value="1" type="GuiResourceData"/>
<property name="dicegame_ctrl.v, 230, 421" value="2" type="GuiResourceData"/>
<property name="dicegame_ctrl.v, 231, 371" value="1" type="GuiResourceData"/>
<property name="dicegame_ctrl.v, 231, 464" value="1" type="GuiResourceData"/>
<property name="dicegame_ctrl.v, 232, 349" value="1" type="GuiResourceData"/>
<property name="dicegame_ctrl.v, 232, 360" value="1" type="GuiResourceData"/>
<property name="dicegame_ctrl.v, 232, 366" value="1" type="GuiResourceData"/>
<property name="dicegame_ctrl.v, 233, 394" value="1" type="GuiResourceData"/>
<property name="dicegame_ctrl.v, 235, 221" value="1" type="GuiResourceData"/>
<property name="dicegame_ctrl.v, 235, 248" value="1" type="GuiResourceData"/>
<property name="dicegame_ctrl.v, 235, 297" value="1" type="GuiResourceData"/>
<property name="dicegame_ctrl.v, 236, 237" value="1" type="GuiResourceData"/>
<property name="dicegame_ctrl.v, 236, 389" value="2" type="GuiResourceData"/>
<property name="dicegame_ctrl.v, 237, 347" value="1" type="GuiResourceData"/>
<property name="dicegame_ctrl.v, 237, 419" value="1" type="GuiResourceData"/>
<property name="dicegame_ctrl.v, 239, 349" value="1" type="GuiResourceData"/>
<property name="dicegame_ctrl.v, 239, 416" value="1" type="GuiResourceData"/>
<property name="dicegame_ctrl.v, 24, 199" value="1" type="GuiResourceData"/>
<property name="dicegame_ctrl.v, 24, 316" value="1" type="GuiResourceData"/>
<property name="dicegame_ctrl.v, 24, 366" value="1" type="GuiResourceData"/>
<property name="dicegame_ctrl.v, 240, 296" value="1" type="GuiResourceData"/>
<property name="dicegame_ctrl.v, 240, 317" value="1" type="GuiResourceData"/>
<property name="dicegame_ctrl.v, 241, 283" value="1" type="GuiResourceData"/>
<property name="dicegame_ctrl.v, 241, 361" value="1" type="GuiResourceData"/>
<property name="dicegame_ctrl.v, 242, 309" value="1" type="GuiResourceData"/>
<property name="dicegame_ctrl.v, 242, 506" value="1" type="GuiResourceData"/>
<property name="dicegame_ctrl.v, 242, 522" value="1" type="GuiResourceData"/>
<property name="dicegame_ctrl.v, 242, 544" value="1" type="GuiResourceData"/>
<property name="dicegame_ctrl.v, 243, 280" value="1" type="GuiResourceData"/>
<property name="dicegame_ctrl.v, 243, 319" value="1" type="GuiResourceData"/>
<property name="dicegame_ctrl.v, 243, 416" value="1" type="GuiResourceData"/>
<property name="dicegame_ctrl.v, 244, 314" value="1" type="GuiResourceData"/>
<property name="dicegame_ctrl.v, 244, 387" value="1" type="GuiResourceData"/>
<property name="dicegame_ctrl.v, 244, 417" value="1" type="GuiResourceData"/>
<property name="dicegame_ctrl.v, 245, 353" value="1" type="GuiResourceData"/>
<property name="dicegame_ctrl.v, 245, 373" value="1" type="GuiResourceData"/>
<property name="dicegame_ctrl.v, 245, 381" value="1" type="GuiResourceData"/>
<property name="dicegame_ctrl.v, 245, 398" value="1" type="GuiResourceData"/>
<property name="dicegame_ctrl.v, 245, 406" value="1" type="GuiResourceData"/>
<property name="dicegame_ctrl.v, 246, 320" value="1" type="GuiResourceData"/>
<property name="dicegame_ctrl.v, 247, 305" value="1" type="GuiResourceData"/>
<property name="dicegame_ctrl.v, 248, 392" value="1" type="GuiResourceData"/>
<property name="dicegame_ctrl.v, 249, 298" value="1" type="GuiResourceData"/>
<property name="dicegame_ctrl.v, 249, 338" value="1" type="GuiResourceData"/>
<property name="dicegame_ctrl.v, 249, 454" value="1" type="GuiResourceData"/>
<property name="dicegame_ctrl.v, 25, 387" value="1" type="GuiResourceData"/>
<property name="dicegame_ctrl.v, 250, 400" value="1" type="GuiResourceData"/>
<property name="dicegame_ctrl.v, 250, 445" value="1" type="GuiResourceData"/>
<property name="dicegame_ctrl.v, 251, 299" value="1" type="GuiResourceData"/>
<property name="dicegame_ctrl.v, 251, 467" value="1" type="GuiResourceData"/>
<property name="dicegame_ctrl.v, 253, 285" value="1" type="GuiResourceData"/>
<property name="dicegame_ctrl.v, 254, 413" value="1" type="GuiResourceData"/>
<property name="dicegame_ctrl.v, 255, 206" value="1" type="GuiResourceData"/>
<property name="dicegame_ctrl.v, 257, 266" value="1" type="GuiResourceData"/>
<property name="dicegame_ctrl.v, 257, 317" value="1" type="GuiResourceData"/>
<property name="dicegame_ctrl.v, 258, 180" value="1" type="GuiResourceData"/>
<property name="dicegame_ctrl.v, 258, 42" value="1" type="GuiResourceData"/>
<property name="dicegame_ctrl.v, 26, 249" value="1" type="GuiResourceData"/>
<property name="dicegame_ctrl.v, 260, 430" value="1" type="GuiResourceData"/>
<property name="dicegame_ctrl.v, 261, 344" value="1" type="GuiResourceData"/>
<property name="dicegame_ctrl.v, 261, 364" value="1" type="GuiResourceData"/>
<property name="dicegame_ctrl.v, 261, 391" value="1" type="GuiResourceData"/>
<property name="dicegame_ctrl.v, 263, 349" value="1" type="GuiResourceData"/>
<property name="dicegame_ctrl.v, 263, 366" value="1" type="GuiResourceData"/>
<property name="dicegame_ctrl.v, 265, 446" value="1" type="GuiResourceData"/>
<property name="dicegame_ctrl.v, 266, 449" value="1" type="GuiResourceData"/>
<property name="dicegame_ctrl.v, 267, 409" value="1" type="GuiResourceData"/>
<property name="dicegame_ctrl.v, 268, 490" value="1" type="GuiResourceData"/>
<property name="dicegame_ctrl.v, 27, 266" value="1" type="GuiResourceData"/>
<property name="dicegame_ctrl.v, 27, 363" value="1" type="GuiResourceData"/>
<property name="dicegame_ctrl.v, 270, 378" value="1" type="GuiResourceData"/>
<property name="dicegame_ctrl.v, 270, 385" value="1" type="GuiResourceData"/>
<property name="dicegame_ctrl.v, 270, 498" value="2" type="GuiResourceData"/>
<property name="dicegame_ctrl.v, 272, 191" value="1" type="GuiResourceData"/>
<property name="dicegame_ctrl.v, 277, 513" value="1" type="GuiResourceData"/>
<property name="dicegame_ctrl.v, 28, 264" value="1" type="GuiResourceData"/>
<property name="dicegame_ctrl.v, 28, 336" value="1" type="GuiResourceData"/>
<property name="dicegame_ctrl.v, 28, 453" value="1" type="GuiResourceData"/>
<property name="dicegame_ctrl.v, 287, 267" value="1" type="GuiResourceData"/>
<property name="dicegame_ctrl.v, 287, 357" value="1" type="GuiResourceData"/>
<property name="dicegame_ctrl.v, 288, 40" value="1" type="GuiResourceData"/>
<property name="dicegame_ctrl.v, 289, 375" value="1" type="GuiResourceData"/>
<property name="dicegame_ctrl.v, 296, 297" value="1" type="GuiResourceData"/>
<property name="dicegame_ctrl.v, 3, 208" value="1" type="GuiResourceData"/>
<property name="dicegame_ctrl.v, 3, 216" value="1" type="GuiResourceData"/>
<property name="dicegame_ctrl.v, 3, 500" value="1" type="GuiResourceData"/>
<property name="dicegame_ctrl.v, 304, 352" value="1" type="GuiResourceData"/>
<property name="dicegame_ctrl.v, 305, 474" value="1" type="GuiResourceData"/>
<property name="dicegame_ctrl.v, 306, 315" value="1" type="GuiResourceData"/>
<property name="dicegame_ctrl.v, 307, 227" value="1" type="GuiResourceData"/>
<property name="dicegame_ctrl.v, 31, 464" value="1" type="GuiResourceData"/>
<property name="dicegame_ctrl.v, 310, 283" value="1" type="GuiResourceData"/>
<property name="dicegame_ctrl.v, 310, 431" value="1" type="GuiResourceData"/>
<property name="dicegame_ctrl.v, 312, 388" value="1" type="GuiResourceData"/>
<property name="dicegame_ctrl.v, 313, 423" value="1" type="GuiResourceData"/>
<property name="dicegame_ctrl.v, 315, 379" value="1" type="GuiResourceData"/>
<property name="dicegame_ctrl.v, 315, 401" value="1" type="GuiResourceData"/>
<property name="dicegame_ctrl.v, 316, 403" value="1" type="GuiResourceData"/>
<property name="dicegame_ctrl.v, 318, 191" value="1" type="GuiResourceData"/>
<property name="dicegame_ctrl.v, 320, 243" value="1" type="GuiResourceData"/>
<property name="dicegame_ctrl.v, 320, 397" value="1" type="GuiResourceData"/>
<property name="dicegame_ctrl.v, 321, 400" value="1" type="GuiResourceData"/>
<property name="dicegame_ctrl.v, 323, 218" value="1" type="GuiResourceData"/>
<property name="dicegame_ctrl.v, 324, 242" value="1" type="GuiResourceData"/>
<property name="dicegame_ctrl.v, 325, 383" value="1" type="GuiResourceData"/>
<property name="dicegame_ctrl.v, 326, 201" value="1" type="GuiResourceData"/>
<property name="dicegame_ctrl.v, 327, 436" value="1" type="GuiResourceData"/>
<property name="dicegame_ctrl.v, 328, 328" value="1" type="GuiResourceData"/>
<property name="dicegame_ctrl.v, 328, 413" value="1" type="GuiResourceData"/>
<property name="dicegame_ctrl.v, 33, 184" value="1" type="GuiResourceData"/>
<property name="dicegame_ctrl.v, 33, 495" value="1" type="GuiResourceData"/>
<property name="dicegame_ctrl.v, 330, 180" value="1" type="GuiResourceData"/>
<property name="dicegame_ctrl.v, 332, 188" value="1" type="GuiResourceData"/>
<property name="dicegame_ctrl.v, 333, 296" value="1" type="GuiResourceData"/>
<property name="dicegame_ctrl.v, 333, 407" value="1" type="GuiResourceData"/>
<property name="dicegame_ctrl.v, 334, 178" value="1" type="GuiResourceData"/>
<property name="dicegame_ctrl.v, 335, 398" value="1" type="GuiResourceData"/>
<property name="dicegame_ctrl.v, 338, 402" value="1" type="GuiResourceData"/>
<property name="dicegame_ctrl.v, 34, 283" value="1" type="GuiResourceData"/>
<property name="dicegame_ctrl.v, 341, 403" value="1" type="GuiResourceData"/>
<property name="dicegame_ctrl.v, 35, 301" value="1" type="GuiResourceData"/>
<property name="dicegame_ctrl.v, 35, 453" value="1" type="GuiResourceData"/>
<property name="dicegame_ctrl.v, 351, 397" value="1" type="GuiResourceData"/>
<property name="dicegame_ctrl.v, 352, 338" value="1" type="GuiResourceData"/>
<property name="dicegame_ctrl.v, 356, 504" value="1" type="GuiResourceData"/>
<property name="dicegame_ctrl.v, 358, 475" value="1" type="GuiResourceData"/>
<property name="dicegame_ctrl.v, 359, 417" value="1" type="GuiResourceData"/>
<property name="dicegame_ctrl.v, 361, 394" value="1" type="GuiResourceData"/>
<property name="dicegame_ctrl.v, 362, 398" value="1" type="GuiResourceData"/>
<property name="dicegame_ctrl.v, 364, 457" value="1" type="GuiResourceData"/>
<property name="dicegame_ctrl.v, 369, 495" value="1" type="GuiResourceData"/>
<property name="dicegame_ctrl.v, 371, 198, false, false, true, false, false" value="1" type="GuiResourceData"/>
<property name="dicegame_ctrl.v, 38, 417" value="1" type="GuiResourceData"/>
<property name="dicegame_ctrl.v, 380, 382" value="1" type="GuiResourceData"/>
<property name="dicegame_ctrl.v, 380, 402" value="1" type="GuiResourceData"/>
<property name="dicegame_ctrl.v, 385, 429" value="1" type="GuiResourceData"/>
<property name="dicegame_ctrl.v, 39, 389" value="1" type="GuiResourceData"/>
<property name="dicegame_ctrl.v, 393, 492" value="1" type="GuiResourceData"/>
<property name="dicegame_ctrl.v, 399, 229" value="1" type="GuiResourceData"/>
<property name="dicegame_ctrl.v, 4, 486" value="1" type="GuiResourceData"/>
<property name="dicegame_ctrl.v, 40, 457" value="1" type="GuiResourceData"/>
<property name="dicegame_ctrl.v, 400, 195" value="1" type="GuiResourceData"/>
<property name="dicegame_ctrl.v, 408, 147" value="1" type="GuiResourceData"/>
<property name="dicegame_ctrl.v, 41, 298" value="1" type="GuiResourceData"/>
<property name="dicegame_ctrl.v, 41, 301" value="1" type="GuiResourceData"/>
<property name="dicegame_ctrl.v, 410, 429" value="1" type="GuiResourceData"/>
<property name="dicegame_ctrl.v, 412, 350" value="1" type="GuiResourceData"/>
<property name="dicegame_ctrl.v, 417, 210" value="1" type="GuiResourceData"/>
<property name="dicegame_ctrl.v, 417, 211" value="1" type="GuiResourceData"/>
<property name="dicegame_ctrl.v, 42, 422" value="1" type="GuiResourceData"/>
<property name="dicegame_ctrl.v, 426, 348" value="1" type="GuiResourceData"/>
<property name="dicegame_ctrl.v, 429, 458" value="1" type="GuiResourceData"/>
<property name="dicegame_ctrl.v, 43, 316" value="1" type="GuiResourceData"/>
<property name="dicegame_ctrl.v, 43, 385" value="1" type="GuiResourceData"/>
<property name="dicegame_ctrl.v, 43, 404" value="1" type="GuiResourceData"/>
<property name="dicegame_ctrl.v, 43, 536" value="1" type="GuiResourceData"/>
<property name="dicegame_ctrl.v, 430, 203" value="1" type="GuiResourceData"/>
<property name="dicegame_ctrl.v, 432, 362" value="1" type="GuiResourceData"/>
<property name="dicegame_ctrl.v, 436, 485" value="1" type="GuiResourceData"/>
<property name="dicegame_ctrl.v, 44, 121" value="1" type="GuiResourceData"/>
<property name="dicegame_ctrl.v, 44, 504" value="1" type="GuiResourceData"/>
<property name="dicegame_ctrl.v, 441, 327" value="1" type="GuiResourceData"/>
<property name="dicegame_ctrl.v, 45, 209" value="1" type="GuiResourceData"/>
<property name="dicegame_ctrl.v, 453, 465" value="1" type="GuiResourceData"/>
<property name="dicegame_ctrl.v, 456, 329" value="1" type="GuiResourceData"/>
<property name="dicegame_ctrl.v, 46, 431" value="1" type="GuiResourceData"/>
<property name="dicegame_ctrl.v, 468, 331" value="1" type="GuiResourceData"/>
<property name="dicegame_ctrl.v, 469, 422" value="2" type="GuiResourceData"/>
<property name="dicegame_ctrl.v, 47, 452" value="1" type="GuiResourceData"/>
<property name="dicegame_ctrl.v, 49, 184" value="1" type="GuiResourceData"/>
<property name="dicegame_ctrl.v, 49, 338" value="1" type="GuiResourceData"/>
<property name="dicegame_ctrl.v, 50, 412" value="1" type="GuiResourceData"/>
<property name="dicegame_ctrl.v, 502, 485" value="1" type="GuiResourceData"/>
<property name="dicegame_ctrl.v, 510, 247" value="1" type="GuiResourceData"/>
<property name="dicegame_ctrl.v, 52, 298" value="1" type="GuiResourceData"/>
<property name="dicegame_ctrl.v, 53, 311" value="1" type="GuiResourceData"/>
<property name="dicegame_ctrl.v, 534, 233" value="1" type="GuiResourceData"/>
<property name="dicegame_ctrl.v, 534, 233, false, false, false, false, true" value="1" type="GuiResourceData"/>
<property name="dicegame_ctrl.v, 54, 298" value="1" type="GuiResourceData"/>
<property name="dicegame_ctrl.v, 55, 321" value="1" type="GuiResourceData"/>
<property name="dicegame_ctrl.v, 56, 295" value="1" type="GuiResourceData"/>
<property name="dicegame_ctrl.v, 57, 454" value="1" type="GuiResourceData"/>
<property name="dicegame_ctrl.v, 572, 422" value="1" type="GuiResourceData"/>
<property name="dicegame_ctrl.v, 58, 206" value="1" type="GuiResourceData"/>
<property name="dicegame_ctrl.v, 58, 261" value="1" type="GuiResourceData"/>
<property name="dicegame_ctrl.v, 6, 208" value="1" type="GuiResourceData"/>
<property name="dicegame_ctrl.v, 6, 417" value="1" type="GuiResourceData"/>
<property name="dicegame_ctrl.v, 60, 118" value="1" type="GuiResourceData"/>
<property name="dicegame_ctrl.v, 60, 470" value="1" type="GuiResourceData"/>
<property name="dicegame_ctrl.v, 61, 344" value="1" type="GuiResourceData"/>
<property name="dicegame_ctrl.v, 62, 332" value="1" type="GuiResourceData"/>
<property name="dicegame_ctrl.v, 62, 350" value="1" type="GuiResourceData"/>
<property name="dicegame_ctrl.v, 62, 402" value="1" type="GuiResourceData"/>
<property name="dicegame_ctrl.v, 63, 125" value="1" type="GuiResourceData"/>
<property name="dicegame_ctrl.v, 63, 487" value="1" type="GuiResourceData"/>
<property name="dicegame_ctrl.v, 64, 466" value="1" type="GuiResourceData"/>
<property name="dicegame_ctrl.v, 64, 476" value="1" type="GuiResourceData"/>
<property name="dicegame_ctrl.v, 65, 356" value="1" type="GuiResourceData"/>
<property name="dicegame_ctrl.v, 65, 514" value="1" type="GuiResourceData"/>
<property name="dicegame_ctrl.v, 67, 319" value="1" type="GuiResourceData"/>
<property name="dicegame_ctrl.v, 67, 332" value="1" type="GuiResourceData"/>
<property name="dicegame_ctrl.v, 67, 348" value="1" type="GuiResourceData"/>
<property name="dicegame_ctrl.v, 68, 208" value="1" type="GuiResourceData"/>
<property name="dicegame_ctrl.v, 68, 385" value="1" type="GuiResourceData"/>
<property name="dicegame_ctrl.v, 69, 335" value="1" type="GuiResourceData"/>
<property name="dicegame_ctrl.v, 69, 400" value="1" type="GuiResourceData"/>
<property name="dicegame_ctrl.v, 69, 453" value="1" type="GuiResourceData"/>
<property name="dicegame_ctrl.v, 69, 466" value="1" type="GuiResourceData"/>
<property name="dicegame_ctrl.v, 7, 372" value="1" type="GuiResourceData"/>
<property name="dicegame_ctrl.v, 72, 340" value="1" type="GuiResourceData"/>
<property name="dicegame_ctrl.v, 73, 519" value="1" type="GuiResourceData"/>
<property name="dicegame_ctrl.v, 74, 338" value="1" type="GuiResourceData"/>
<property name="dicegame_ctrl.v, 74, 418" value="1" type="GuiResourceData"/>
<property name="dicegame_ctrl.v, 74, 535" value="1" type="GuiResourceData"/>
<property name="dicegame_ctrl.v, 76, 368" value="1" type="GuiResourceData"/>
<property name="dicegame_ctrl.v, 76, 422" value="1" type="GuiResourceData"/>
<property name="dicegame_ctrl.v, 77, 262" value="1" type="GuiResourceData"/>
<property name="dicegame_ctrl.v, 78, 187" value="1" type="GuiResourceData"/>
<property name="dicegame_ctrl.v, 78, 250" value="1" type="GuiResourceData"/>
<property name="dicegame_ctrl.v, 78, 399" value="1" type="GuiResourceData"/>
<property name="dicegame_ctrl.v, 78, 476" value="1" type="GuiResourceData"/>
<property name="dicegame_ctrl.v, 79, 150" value="1" type="GuiResourceData"/>
<property name="dicegame_ctrl.v, 79, 300" value="1" type="GuiResourceData"/>
<property name="dicegame_ctrl.v, 79, 520" value="1" type="GuiResourceData"/>
<property name="dicegame_ctrl.v, 8, 496" value="1" type="GuiResourceData"/>
<property name="dicegame_ctrl.v, 80, 435" value="1" type="GuiResourceData"/>
<property name="dicegame_ctrl.v, 81, 144" value="1" type="GuiResourceData"/>
<property name="dicegame_ctrl.v, 81, 253" value="1" type="GuiResourceData"/>
<property name="dicegame_ctrl.v, 81, 279" value="1" type="GuiResourceData"/>
<property name="dicegame_ctrl.v, 81, 358" value="1" type="GuiResourceData"/>
<property name="dicegame_ctrl.v, 82, 382" value="1" type="GuiResourceData"/>
<property name="dicegame_ctrl.v, 83, 300" value="1" type="GuiResourceData"/>
<property name="dicegame_ctrl.v, 83, 324" value="1" type="GuiResourceData"/>
<property name="dicegame_ctrl.v, 84, 250" value="1" type="GuiResourceData"/>
<property name="dicegame_ctrl.v, 84, 301" value="1" type="GuiResourceData"/>
<property name="dicegame_ctrl.v, 84, 335" value="1" type="GuiResourceData"/>
<property name="dicegame_ctrl.v, 84, 340" value="1" type="GuiResourceData"/>
<property name="dicegame_ctrl.v, 84, 379" value="1" type="GuiResourceData"/>
<property name="dicegame_ctrl.v, 85, 149" value="1" type="GuiResourceData"/>
<property name="dicegame_ctrl.v, 85, 161" value="1" type="GuiResourceData"/>
<property name="dicegame_ctrl.v, 85, 215" value="1" type="GuiResourceData"/>
<property name="dicegame_ctrl.v, 87, 232" value="2" type="GuiResourceData"/>
<property name="dicegame_ctrl.v, 87, 397" value="1" type="GuiResourceData"/>
<property name="dicegame_ctrl.v, 89, 320" value="1" type="GuiResourceData"/>
<property name="dicegame_ctrl.v, 91, 473" value="1" type="GuiResourceData"/>
<property name="dicegame_ctrl.v, 93, 359" value="1" type="GuiResourceData"/>
<property name="dicegame_ctrl.v, 93, 467" value="1" type="GuiResourceData"/>
<property name="dicegame_ctrl.v, 94, 320" value="1" type="GuiResourceData"/>
<property name="dicegame_ctrl.v, 95, 110" value="1" type="GuiResourceData"/>
<property name="dicegame_ctrl.v, 96, 386" value="1" type="GuiResourceData"/>
<property name="dicegame_ctrl.v, 96, 460" value="1" type="GuiResourceData"/>
<property name="dicegame_ctrl.v, 97, 178" value="1" type="GuiResourceData"/>
<property name="dicegame_ctrl.v, 97, 178, false, false, false, false, true" value="1" type="GuiResourceData"/>
<property name="dicegame_ctrl.v, 97, 459" value="1" type="GuiResourceData"/>
<property name="dicegame_ctrl.v, 98, 440" value="1" type="GuiResourceData"/>
<property name="lab5_top.v, 0, 213" value="1" type="GuiResourceData"/>
<property name="lab5_top.v, 10, 364" value="1" type="GuiResourceData"/>
<property name="lab5_top.v, 102, 430" value="1" type="GuiResourceData"/>
<property name="lab5_top.v, 105, 113" value="1" type="GuiResourceData"/>
<property name="lab5_top.v, 108, 413" value="1" type="GuiResourceData"/>
<property name="lab5_top.v, 113, 439" value="1" type="GuiResourceData"/>
<property name="lab5_top.v, 115, 158" value="1" type="GuiResourceData"/>
<property name="lab5_top.v, 117, 64" value="1" type="GuiResourceData"/>
<property name="lab5_top.v, 119, 506" value="1" type="GuiResourceData"/>
<property name="lab5_top.v, 122, 390" value="1" type="GuiResourceData"/>
<property name="lab5_top.v, 124, 157" value="1" type="GuiResourceData"/>
<property name="lab5_top.v, 125, 431" value="1" type="GuiResourceData"/>
<property name="lab5_top.v, 125, 79" value="1" type="GuiResourceData"/>
<property name="lab5_top.v, 126, 159" value="1" type="GuiResourceData"/>
<property name="lab5_top.v, 128, 161" value="1" type="GuiResourceData"/>
<property name="lab5_top.v, 129, 124" value="1" type="GuiResourceData"/>
<property name="lab5_top.v, 13, 249" value="1" type="GuiResourceData"/>
<property name="lab5_top.v, 13, 311" value="1" type="GuiResourceData"/>
<property name="lab5_top.v, 131, 430" value="1" type="GuiResourceData"/>
<property name="lab5_top.v, 132, 85" value="1" type="GuiResourceData"/>
<property name="lab5_top.v, 133, 277" value="1" type="GuiResourceData"/>
<property name="lab5_top.v, 133, 94" value="1" type="GuiResourceData"/>
<property name="lab5_top.v, 134, 344" value="1" type="GuiResourceData"/>
<property name="lab5_top.v, 134, 366" value="1" type="GuiResourceData"/>
<property name="lab5_top.v, 135, 435" value="1" type="GuiResourceData"/>
<property name="lab5_top.v, 14, 160" value="1" type="GuiResourceData"/>
<property name="lab5_top.v, 140, 395" value="1" type="GuiResourceData"/>
<property name="lab5_top.v, 142, 163" value="1" type="GuiResourceData"/>
<property name="lab5_top.v, 144, 99" value="1" type="GuiResourceData"/>
<property name="lab5_top.v, 145, 391" value="1" type="GuiResourceData"/>
<property name="lab5_top.v, 146, 399" value="1" type="GuiResourceData"/>
<property name="lab5_top.v, 146, 414" value="1" type="GuiResourceData"/>
<property name="lab5_top.v, 15, 330" value="1" type="GuiResourceData"/>
<property name="lab5_top.v, 151, 518" value="1" type="GuiResourceData"/>
<property name="lab5_top.v, 16, 418" value="1" type="GuiResourceData"/>
<property name="lab5_top.v, 166, 398" value="1" type="GuiResourceData"/>
<property name="lab5_top.v, 167, 180" value="1" type="GuiResourceData"/>
<property name="lab5_top.v, 169, 274" value="1" type="GuiResourceData"/>
<property name="lab5_top.v, 17, 335" value="1" type="GuiResourceData"/>
<property name="lab5_top.v, 175, 358" value="1" type="GuiResourceData"/>
<property name="lab5_top.v, 175, 426" value="1" type="GuiResourceData"/>
<property name="lab5_top.v, 177, 428" value="1" type="GuiResourceData"/>
<property name="lab5_top.v, 18, 144" value="1" type="GuiResourceData"/>
<property name="lab5_top.v, 183, 199" value="1" type="GuiResourceData"/>
<property name="lab5_top.v, 183, 282" value="1" type="GuiResourceData"/>
<property name="lab5_top.v, 186, 449" value="1" type="GuiResourceData"/>
<property name="lab5_top.v, 186, 464" value="1" type="GuiResourceData"/>
<property name="lab5_top.v, 187, 426" value="1" type="GuiResourceData"/>
<property name="lab5_top.v, 19, 415" value="1" type="GuiResourceData"/>
<property name="lab5_top.v, 190, 195" value="1" type="GuiResourceData"/>
<property name="lab5_top.v, 190, 429" value="1" type="GuiResourceData"/>
<property name="lab5_top.v, 197, 198" value="1" type="GuiResourceData"/>
<property name="lab5_top.v, 2, 178" value="1" type="GuiResourceData"/>
<property name="lab5_top.v, 202, 221" value="1" type="GuiResourceData"/>
<property name="lab5_top.v, 203, 402" value="1" type="GuiResourceData"/>
<property name="lab5_top.v, 205, 312" value="1" type="GuiResourceData"/>
<property name="lab5_top.v, 207, 292" value="1" type="GuiResourceData"/>
<property name="lab5_top.v, 216, 313" value="1" type="GuiResourceData"/>
<property name="lab5_top.v, 217, 248" value="1" type="GuiResourceData"/>
<property name="lab5_top.v, 217, 396" value="1" type="GuiResourceData"/>
<property name="lab5_top.v, 22, 161" value="1" type="GuiResourceData"/>
<property name="lab5_top.v, 223, 320" value="1" type="GuiResourceData"/>
<property name="lab5_top.v, 223, 427" value="1" type="GuiResourceData"/>
<property name="lab5_top.v, 234, 462" value="1" type="GuiResourceData"/>
<property name="lab5_top.v, 237, 408" value="1" type="GuiResourceData"/>
<property name="lab5_top.v, 238, 447" value="1" type="GuiResourceData"/>
<property name="lab5_top.v, 249, 400" value="1" type="GuiResourceData"/>
<property name="lab5_top.v, 249, 447" value="1" type="GuiResourceData"/>
<property name="lab5_top.v, 251, 350" value="1" type="GuiResourceData"/>
<property name="lab5_top.v, 262, 412" value="1" type="GuiResourceData"/>
<property name="lab5_top.v, 263, 233" value="1" type="GuiResourceData"/>
<property name="lab5_top.v, 264, 408" value="1" type="GuiResourceData"/>
<property name="lab5_top.v, 266, 375" value="1" type="GuiResourceData"/>
<property name="lab5_top.v, 267, 435" value="1" type="GuiResourceData"/>
<property name="lab5_top.v, 268, 357" value="1" type="GuiResourceData"/>
<property name="lab5_top.v, 272, 326" value="1" type="GuiResourceData"/>
<property name="lab5_top.v, 274, 296" value="1" type="GuiResourceData"/>
<property name="lab5_top.v, 285, 398" value="1" type="GuiResourceData"/>
<property name="lab5_top.v, 289, 433" value="1" type="GuiResourceData"/>
<property name="lab5_top.v, 3, 197" value="1" type="GuiResourceData"/>
<property name="lab5_top.v, 3, 408" value="1" type="GuiResourceData"/>
<property name="lab5_top.v, 3, 415" value="1" type="GuiResourceData"/>
<property name="lab5_top.v, 300, 242" value="1" type="GuiResourceData"/>
<property name="lab5_top.v, 311, 230" value="1" type="GuiResourceData"/>
<property name="lab5_top.v, 311, 452" value="1" type="GuiResourceData"/>
<property name="lab5_top.v, 312, 433" value="1" type="GuiResourceData"/>
<property name="lab5_top.v, 312, 454" value="1" type="GuiResourceData"/>
<property name="lab5_top.v, 319, 478" value="1" type="GuiResourceData"/>
<property name="lab5_top.v, 320, 249" value="1" type="GuiResourceData"/>
<property name="lab5_top.v, 324, 235" value="1" type="GuiResourceData"/>
<property name="lab5_top.v, 334, 289" value="1" type="GuiResourceData"/>
<property name="lab5_top.v, 345, 273" value="1" type="GuiResourceData"/>
<property name="lab5_top.v, 376, 404" value="1" type="GuiResourceData"/>
<property name="lab5_top.v, 4, 165" value="1" type="GuiResourceData"/>
<property name="lab5_top.v, 4, 484" value="1" type="GuiResourceData"/>
<property name="lab5_top.v, 407, 234" value="1" type="GuiResourceData"/>
<property name="lab5_top.v, 50, 427" value="1" type="GuiResourceData"/>
<property name="lab5_top.v, 51, 301" value="1" type="GuiResourceData"/>
<property name="lab5_top.v, 56, 70" value="1" type="GuiResourceData"/>
<property name="lab5_top.v, 6, 163" value="1" type="GuiResourceData"/>
<property name="lab5_top.v, 61, 401" value="1" type="GuiResourceData"/>
<property name="lab5_top.v, 64, 263" value="1" type="GuiResourceData"/>
<property name="lab5_top.v, 67, 449" value="1" type="GuiResourceData"/>
<property name="lab5_top.v, 69, 198" value="1" type="GuiResourceData"/>
<property name="lab5_top.v, 69, 263" value="1" type="GuiResourceData"/>
<property name="lab5_top.v, 7, 454" value="1" type="GuiResourceData"/>
<property name="lab5_top.v, 73, 500" value="1" type="GuiResourceData"/>
<property name="lab5_top.v, 77, 149" value="1" type="GuiResourceData"/>
<property name="lab5_top.v, 79, 135" value="1" type="GuiResourceData"/>
<property name="lab5_top.v, 80, 413" value="1" type="GuiResourceData"/>
<property name="lab5_top.v, 83, 60" value="1" type="GuiResourceData"/>
<property name="lab5_top.v, 86, 491" value="1" type="GuiResourceData"/>
<property name="lab5_top.v, 88, 241" value="1" type="GuiResourceData"/>
<property name="lab5_top.v, 88, 469" value="1" type="GuiResourceData"/>
<property name="lab5_top.v, 9, 164" value="1" type="GuiResourceData"/>
<property name="lab5_top.v, 90, 213" value="1" type="GuiResourceData"/>
<property name="lab5_top.v, 91, 116" value="1" type="GuiResourceData"/>
<property name="lab5_top.v, 91, 427" value="1" type="GuiResourceData"/>
<property name="lab5_top.v, 93, 410" value="1" type="GuiResourceData"/>
<property name="lab5_top.v, 93, 51" value="1" type="GuiResourceData"/>
<property name="lab5_top.v, 94, 538" value="1" type="GuiResourceData"/>
<property name="lab5_top.v, 97, 111" value="1" type="GuiResourceData"/>
<property name="lab5_top.v, 97, 337" value="1" type="GuiResourceData"/>
<property name="lab5_top.xdc, 0, 141" value="1" type="GuiResourceData"/>
<property name="lab5_top.xdc, 128, 125" value="1" type="GuiResourceData"/>
<property name="onesix_counter.v, 100, 332" value="1" type="GuiResourceData"/>
<property name="onesix_counter.v, 101, 350" value="1" type="GuiResourceData"/>
<property name="onesix_counter.v, 102, 305" value="1" type="GuiResourceData"/>
<property name="onesix_counter.v, 103, 525" value="1" type="GuiResourceData"/>
<property name="onesix_counter.v, 105, 313" value="1" type="GuiResourceData"/>
<property name="onesix_counter.v, 108, 246" value="1" type="GuiResourceData"/>
<property name="onesix_counter.v, 110, 507" value="1" type="GuiResourceData"/>
<property name="onesix_counter.v, 110, 568" value="1" type="GuiResourceData"/>
<property name="onesix_counter.v, 111, 307" value="1" type="GuiResourceData"/>
<property name="onesix_counter.v, 115, 514" value="1" type="GuiResourceData"/>
<property name="onesix_counter.v, 118, 473" value="1" type="GuiResourceData"/>
<property name="onesix_counter.v, 118, 499" value="1" type="GuiResourceData"/>
<property name="onesix_counter.v, 121, 496" value="1" type="GuiResourceData"/>
<property name="onesix_counter.v, 121, 506" value="1" type="GuiResourceData"/>
<property name="onesix_counter.v, 122, 486" value="1" type="GuiResourceData"/>
<property name="onesix_counter.v, 126, 314" value="1" type="GuiResourceData"/>
<property name="onesix_counter.v, 130, 308" value="1" type="GuiResourceData"/>
<property name="onesix_counter.v, 130, 477" value="1" type="GuiResourceData"/>
<property name="onesix_counter.v, 135, 396" value="1" type="GuiResourceData"/>
<property name="onesix_counter.v, 141, 337" value="1" type="GuiResourceData"/>
<property name="onesix_counter.v, 143, 305" value="1" type="GuiResourceData"/>
<property name="onesix_counter.v, 145, 502" value="1" type="GuiResourceData"/>
<property name="onesix_counter.v, 148, 407" value="1" type="GuiResourceData"/>
<property name="onesix_counter.v, 152, 486" value="1" type="GuiResourceData"/>
<property name="onesix_counter.v, 153, 327" value="1" type="GuiResourceData"/>
<property name="onesix_counter.v, 153, 344" value="1" type="GuiResourceData"/>
<property name="onesix_counter.v, 154, 374" value="1" type="GuiResourceData"/>
<property name="onesix_counter.v, 163, 252" value="1" type="GuiResourceData"/>
<property name="onesix_counter.v, 163, 336" value="1" type="GuiResourceData"/>
<property name="onesix_counter.v, 169, 385" value="1" type="GuiResourceData"/>
<property name="onesix_counter.v, 172, 365" value="1" type="GuiResourceData"/>
<property name="onesix_counter.v, 175, 251" value="1" type="GuiResourceData"/>
<property name="onesix_counter.v, 178, 384" value="1" type="GuiResourceData"/>
<property name="onesix_counter.v, 18, 248" value="1" type="GuiResourceData"/>
<property name="onesix_counter.v, 18, 333" value="1" type="GuiResourceData"/>
<property name="onesix_counter.v, 180, 398" value="1" type="GuiResourceData"/>
<property name="onesix_counter.v, 185, 282" value="1" type="GuiResourceData"/>
<property name="onesix_counter.v, 185, 406" value="1" type="GuiResourceData"/>
<property name="onesix_counter.v, 188, 510" value="1" type="GuiResourceData"/>
<property name="onesix_counter.v, 188, 524" value="1" type="GuiResourceData"/>
<property name="onesix_counter.v, 19, 284" value="1" type="GuiResourceData"/>
<property name="onesix_counter.v, 190, 365" value="1" type="GuiResourceData"/>
<property name="onesix_counter.v, 190, 385" value="1" type="GuiResourceData"/>
<property name="onesix_counter.v, 194, 247" value="1" type="GuiResourceData"/>
<property name="onesix_counter.v, 196, 181" value="1" type="GuiResourceData"/>
<property name="onesix_counter.v, 199, 517" value="1" type="GuiResourceData"/>
<property name="onesix_counter.v, 201, 418" value="1" type="GuiResourceData"/>
<property name="onesix_counter.v, 207, 336" value="1" type="GuiResourceData"/>
<property name="onesix_counter.v, 207, 501" value="1" type="GuiResourceData"/>
<property name="onesix_counter.v, 207, 514" value="1" type="GuiResourceData"/>
<property name="onesix_counter.v, 208, 525" value="1" type="GuiResourceData"/>
<property name="onesix_counter.v, 209, 543" value="1" type="GuiResourceData"/>
<property name="onesix_counter.v, 231, 249" value="1" type="GuiResourceData"/>
<property name="onesix_counter.v, 248, 320" value="1" type="GuiResourceData"/>
<property name="onesix_counter.v, 30, 311" value="1" type="GuiResourceData"/>
<property name="onesix_counter.v, 49, 354" value="1" type="GuiResourceData"/>
<property name="onesix_counter.v, 50, 173" value="1" type="GuiResourceData"/>
<property name="onesix_counter.v, 57, 501" value="1" type="GuiResourceData"/>
<property name="onesix_counter.v, 60, 314" value="1" type="GuiResourceData"/>
<property name="onesix_counter.v, 61, 247" value="1" type="GuiResourceData"/>
<property name="onesix_counter.v, 64, 285" value="1" type="GuiResourceData"/>
<property name="onesix_counter.v, 67, 180" value="1" type="GuiResourceData"/>
<property name="onesix_counter.v, 67, 400" value="1" type="GuiResourceData"/>
<property name="onesix_counter.v, 69, 177" value="1" type="GuiResourceData"/>
<property name="onesix_counter.v, 72, 247" value="1" type="GuiResourceData"/>
<property name="onesix_counter.v, 73, 534" value="1" type="GuiResourceData"/>
<property name="onesix_counter.v, 74, 224" value="1" type="GuiResourceData"/>
<property name="onesix_counter.v, 74, 532" value="2" type="GuiResourceData"/>
<property name="onesix_counter.v, 78, 242" value="1" type="GuiResourceData"/>
<property name="onesix_counter.v, 78, 268" value="1" type="GuiResourceData"/>
<property name="onesix_counter.v, 78, 522" value="1" type="GuiResourceData"/>
<property name="onesix_counter.v, 80, 250" value="1" type="GuiResourceData"/>
<property name="onesix_counter.v, 80, 538" value="1" type="GuiResourceData"/>
<property name="onesix_counter.v, 81, 312" value="1" type="GuiResourceData"/>
<property name="onesix_counter.v, 82, 179" value="1" type="GuiResourceData"/>
<property name="onesix_counter.v, 82, 264" value="1" type="GuiResourceData"/>
<property name="onesix_counter.v, 82, 423" value="1" type="GuiResourceData"/>
<property name="onesix_counter.v, 82, 554" value="1" type="GuiResourceData"/>
<property name="onesix_counter.v, 84, 180" value="1" type="GuiResourceData"/>
<property name="onesix_counter.v, 86, 245" value="1" type="GuiResourceData"/>
<property name="onesix_counter.v, 86, 250" value="1" type="GuiResourceData"/>
<property name="onesix_counter.v, 88, 247" value="1" type="GuiResourceData"/>
<property name="onesix_counter.v, 88, 422" value="1" type="GuiResourceData"/>
<property name="onesix_counter.v, 89, 301" value="1" type="GuiResourceData"/>
<property name="onesix_counter.v, 94, 312" value="1" type="GuiResourceData"/>
<property name="onesix_counter.v, 94, 336" value="1" type="GuiResourceData"/>
<property name="onesix_counter.v, 95, 372" value="1" type="GuiResourceData"/>
<property name="onesix_counter.v, 96, 315" value="1" type="GuiResourceData"/>
</item>
<item name="Other">
<property name="GuiMode" value="15" type="GuiMode"/>
<property name="BatchMode" value="0" type="BatchMode"/>
<property name="TclMode" value="11" type="TclMode"/>
</item>
</section>
</application>
</document>
